event_id,source_name,source_detail,date,datetime_utc,time_precision,time_is_estimated,time_estimation_method,attacker,attack_type,target_country,target_name,event_kind,outcome_raw,lat,lon,geo_precision,casualties_killed,casualties_injured,interceptions_claimed,notes,description,keep
,combined_sheet,Wikipedia Timeline Day 1,2026-02-28,2026-02-28T06:35:00Z,minute,False,exact,western Iran / IRGC mobile launchers,ballistic missile,Bahrain,NSA Bahrain / Juffair (US 5th Fleet HQ),strike,impact confirmed,26.22,50.6,point,0,0,,,smoke visible near US Navy 5th Fleet HQ,True
,combined_sheet,Wikipedia Timeline Day 1,2026-02-28,2026-02-28T06:35:00Z,minute,False,exact,Iran,ballistic missile,Qatar,Al Udeid Air Base,mixed,partial intercept,25.12,51.32,point,0,0,,,base targeted; Patriot systems activated,True
,combined_sheet,Wikipedia Timeline Day 1,2026-02-28,2026-02-28T06:35:00Z,minute,False,exact,Iran,ballistic missile,Kuwait,Ali al-Salem Air Base,mixed,partial intercept,29.35,47.52,point,0,0,,,base targeted,True
,combined_sheet,Wikipedia Timeline Day 1,2026-02-28,2026-02-28T06:35:00Z,minute,False,exact,Iran,ballistic missile,UAE,Al Dhafra Air Base,mixed,partial intercept,24.25,54.55,point,0,0,,,base targeted,True
,combined_sheet,Wikipedia Timeline Day 1,2026-02-28,2026-02-28T09:26:00Z,minute,False,exact,Iran,ballistic missile,Bahrain,NSA Bahrain / Juffair,strike,impact confirmed,26.22,50.6,point,0,0,,,missile strikes USN Fifth Fleet service center; smoke confirmed,True
,combined_sheet,Wikipedia Timeline Day 1 / multiple news sources,2026-02-28,2026-02-28T11:00:00Z,minute,False,exact,Iran,ballistic missile,Israel,Beit Shemesh - synagogue,strike,impact confirmed,31.75,34.99,point,9,51,,,synagogue struck; 11 missing; building heavily damaged,True
,combined_sheet,Wikipedia Timeline Day 1,2026-02-28,2026-02-28T11:30:00Z,minute,False,exact,Iran,ballistic missile,Israel,Jerusalem,strike,impact confirmed,31.77,35.23,point,0,6,,,property damage on road; civilian vehicle damaged; 6 wounded,True
,combined_sheet,Wikipedia Timeline Day 1,2026-02-28,2026-02-28T12:00:00Z,minute,False,exact,Iran,Shahed drone,UAE,Jebel Ali Port,mixed,partial intercept,25.01,55.06,point,0,0,,,dark plumes of smoke rising from port area,True
,combined_sheet,Wikipedia Timeline Day 1,2026-02-28,2026-02-28T12:00:00Z,minute,False,exact,Iran,Shahed drone,UAE,Dubai Airport,mixed,partial intercept,25.25,55.36,point,0,0,,,airport sustains damage; operations disrupted,True
,combined_sheet,Wikipedia Timeline Day 1,2026-02-28,2026-02-28T12:00:00Z,minute,False,exact,Iran,Shahed drone,UAE,Etihad Towers / Abu Dhabi Israeli Embassy vicinity,intercept,intercepted,24.47,54.32,point,0,2,,,intercepted drone debris damaged Etihad Towers; minor injuries to woman and child,True
,combined_sheet,Wikipedia Timeline Day 1,2026-02-28,2026-02-28T12:00:00Z,minute,False,exact,Iran,Shahed drone,UAE,Al-Salam Naval Base Abu Dhabi,strike,impact confirmed,24.43,54.37,point,0,0,,,fire in two containers storing general materials,True
,combined_sheet,Wikipedia Timeline Day 1 / Amazon statement,2026-02-28,2026-02-28T12:00:00Z,minute,False,exact,Iran,Shahed drone / cruise missile,UAE,AWS Data Center UAE,strike,impact confirmed,24.45,54.38,point,0,0,,,objects struck AWS data centre; fire and sparks; complete power cut; temporary connectivity outage,True
,combined_sheet,Wikipedia Timeline Day 1,2026-02-28,2026-02-28T12:00:00Z,minute,False,exact,Iran,cruise missile,UAE,Camp de la Paix (French naval base Abu Dhabi),strike,impact confirmed,24.43,54.36,point,0,0,,,French base reportedly struck,True
,combined_sheet,Wikipedia Timeline Day 1 / Saudi MoD,2026-02-28,2026-02-28T12:30:00Z,minute,False,exact,Iran,ballistic missile,Saudi Arabia,Prince Sultan Air Base,intercept,intercepted,24.06,47.58,point,0,0,,,Saudi Arabia shoots down missiles fired at base,True
,combined_sheet,Wikipedia Timeline Day 1 / Saudi MoD,2026-02-28,2026-02-28T12:30:00Z,minute,False,exact,Iran,ballistic missile,Saudi Arabia,King Khalid International Airport Riyadh,intercept,intercepted,24.96,46.7,point,0,0,,,missiles intercepted; airport targeted,True
,combined_sheet,Wikipedia Timeline Day 1,2026-02-28,2026-02-28T12:30:00Z,minute,False,exact,Iran,Shahed drone,Saudi Arabia,Ras Tanura oil refinery,mixed,partial intercept,26.64,50.15,point,0,0,,,refinery closed; contained fire from drone debris; Aramco facility damaged,True
,combined_sheet,Wikipedia Timeline Day 1,2026-02-28,2026-02-28T12:00:00Z,minute,False,exact,Iran,ballistic missile,Kuwait,Kuwait - general (civilian/military),mixed,partial intercept,29.37,47.98,point,1,32,,,1 killed; 32 injured across Kuwait,True
,combined_sheet,Wikipedia Timeline Day 1 / John Healey statement,2026-02-28,2026-02-28T12:00:00Z,minute,False,exact,Iran,ballistic missile,Cyprus,RAF Akrotiri,intercept,intercepted,34.58,32.99,point,0,0,,,UK Defence Secretary confirms two missiles fired toward British bases in Cyprus; not believed to be targeted attack,True
,combined_sheet,Wikipedia Timeline Day 1,2026-02-28,2026-02-28T12:00:00Z,minute,False,exact,Iran,ballistic missile,Jordan,Jordan - airspace general,intercept,intercepted,31.95,35.93,point,0,0,,,missiles transiting airspace intercepted,True
,combined_sheet,Wikipedia Timeline Day 1,2026-02-28,2026-02-28T12:30:00Z,minute,False,exact,Iran,ballistic missile,Bahrain,Salman Industrial Zone,mixed,partial intercept,26.15,50.55,point,1,2,,,falling debris from intercepted missile kills 1 worker; 2 seriously injured,True
,combined_sheet,Wikipedia Timeline Day 1,2026-02-28,2026-02-28T12:00:00Z,minute,False,exact,Iran,Shahed drone,UAE,Abu Dhabi International Airport,mixed,partial intercept,24.43,54.65,point,0,0,,,airport sustains damage,True
,combined_sheet,Wikipedia Timeline Day 1,2026-02-28,2026-02-28T13:00:00Z,minute,False,exact,Iran,Shahed drone,Bahrain,Crowne Plaza Hotel Manama,strike,impact confirmed,26.22,50.59,point,0,0,,,drone hits hotel; fire breaks out,True
,combined_sheet,Wikipedia Timeline Day 1 / Day 2 corroboration,2026-02-28,2026-02-28T13:00:00Z,minute,False,exact,Iran,Shahed drone,Kuwait,US Embassy Kuwait City (Kuwait City),mixed,partial intercept,29.37,47.99,point,0,0,,,smoke rises from US embassy; embassy later closed indefinitely,True
,combined_sheet,Wikipedia Timeline Day 1 / FDD,2026-02-28,2026-02-28T14:00:00Z,minute,False,exact,Iranian proxy (Iraqi militia),Shahed drone,Iraq,Erbil Airport,mixed,partial intercept,36.24,44.0,point,0,0,,,explosion near Erbil Airport; Guardians of the Blood Brigade claims responsibility,True
,combined_sheet,Wikipedia Timeline Day 1,2026-02-28,2026-02-28T14:00:00Z,minute,False,exact,Iranian proxy (Iraqi militia),Shahed drone,Iraq,Victory Base Baghdad (Baghdad International Airport vicinity),mixed,partial intercept,33.26,44.23,point,0,0,,,two drones targeted Victory Base; one reportedly struck the base,True
,combined_sheet,Wikipedia Timeline Day 1,2026-02-28,2026-02-28T15:00:00Z,minute,False,exact,Iran,ballistic missile,Israel,Tel Aviv - central (HaKirya area),mixed,mixed,32.08,34.78,point,0,0,,,missiles intercepted over Tel Aviv; partial penetrations,True
,combined_sheet,Wikipedia Timeline Day 1,2026-02-28,2026-02-28T15:00:00Z,minute,False,exact,Iran,Shahed drone,Saudi Arabia,Riyadh - Diplomatic Quarter,mixed,partial intercept,24.69,46.68,point,0,0,,,Saudi oil refinery closed; additional drone attacks on Riyadh,True
,combined_sheet,Wikipedia Timeline Day 1-2,2026-02-28,2026-02-28T15:00:00Z,minute,False,exact,Iran,cruise missile,Qatar,Al Udeid Air Base,mixed,partial intercept,25.12,51.32,point,0,0,,,Qatar shoots down two Iranian Su-24 bombers approaching base on Day 2 (corroborated),True
,combined_sheet,Wikipedia Timeline Day 1 / Oman Maritime Security Centre,2026-02-28,2026-02-28T15:00:00Z,minute,False,exact,Iran,Shahed drone,Oman,Khasab port (Strait of Hormuz) - tanker Skylight,strike,impact confirmed,26.19,56.24,point,0,4,,,Palau-flagged tanker Skylight hit 5nm north of Khasab; 4 crew injuries (Indian-Iranian crew),True
,combined_sheet,Wikipedia Timeline Day 1,2026-02-28,2026-02-28T15:00:00Z,minute,False,exact,Iran,Shahed drone,maritime,MKD VYOM tanker (off Oman coast),strike,impact confirmed,23.5,58.5,point,1,unknown,,,Marshall Islands-flagged tanker struck off coast of Oman; 1 crew member killed,True
,combined_sheet,Wikipedia Timeline Day 1,2026-02-28,2026-02-28T15:00:00Z,minute,False,exact,Iran,Shahed drone,Oman,Duqm Port,strike,impact confirmed,19.67,57.7,point,0,1,,,two drones hit Duqm Port; 1 expatriate worker injured,True
,combined_sheet,Wikipedia Timeline Day 1,2026-02-28,2026-02-28T16:00:00Z,minute,False,exact,Iran,Shahed drone,Saudi Arabia,Aramco Ras Tanura - additional strike,mixed,partial intercept,26.64,50.15,point,0,0,,,additional drone targeting of Ras Tanura; Kuwait refinery hit by shrapnel,True
,combined_sheet,Wikipedia Timeline Day 2 / NPR,2026-03-01,2026-03-01T02:00:00Z,minute,False,exact,Iran,rocket,Israel,Haifa - IDF base,mixed,partial intercept,32.79,34.99,point,0,0,,,Hezbollah rocket attack on IDF base in Haifa; sirens across Haifa and Upper Galilee; declared act of war by IDF,True
,combined_sheet,Wikipedia Timeline Day 2,2026-03-01,2026-03-01T02:00:00Z,minute,False,exact,Iran / IRGC,ballistic missile,Kuwait,Ali al-Salem Air Base,mixed,partial intercept,29.35,47.52,point,0,0,,,continued targeting of Kuwaiti bases,True
,combined_sheet,Wikipedia Timeline Day 2,2026-03-01,2026-03-01T02:00:00Z,minute,False,exact,Iran / IRGC,ballistic missile,UAE,Jebel Ali - MSP vessel,strike,impact confirmed,25.01,55.06,point,0,0,,,Qadr-380 missiles used; vessel in Jebel Ali targeted,True
,combined_sheet,Wikipedia Timeline Day 2,2026-03-01,2026-03-01T02:00:00Z,minute,False,exact,Iran / IRGC,ballistic missile,Saudi Arabia,Prince Sultan Air Base,mixed,partial intercept,24.06,47.58,point,0,0,,,continued strikes on Prince Sultan,True
,combined_sheet,Wikipedia Timeline Day 2 / FDD,2026-03-01,2026-03-01T02:00:00Z,minute,False,exact,Iranian proxy (Iraqi militia),Shahed drone,Iraq,Harir Air Base (Kurdistan),mixed,partial intercept,36.55,44.35,point,0,0,,,Harir Base targeted; Islamic Resistance in Iraq claims 23+ drone strikes on Erbil,True
,combined_sheet,Wikipedia Timeline Day 2,2026-03-01,2026-03-01T06:00:00Z,minute,False,exact,Iran,ballistic missile,Israel,Tel Nof Airbase,mixed,mixed,31.84,34.82,point,0,0,,,Tel Nof Airbase targeted; IDF General Staff HQ Tel Aviv also hit,True
,combined_sheet,Wikipedia Timeline Day 2,2026-03-01,2026-03-01T06:00:00Z,minute,False,exact,Iran,ballistic missile,Israel,IDF General Staff HQ (HaKirya) Tel Aviv,strike,impact confirmed,32.07,34.78,point,0,0,,,IDF General Staff HQ struck in Wave 6,True
,combined_sheet,Wikipedia Timeline Day 2,2026-03-01,2026-03-01T06:00:00Z,minute,False,exact,Iran,ballistic missile,Bahrain,Mina Salman Port / naval area,mixed,partial intercept,26.19,50.62,point,0,0,,,Mina Salman targeted in Wave 7,True
,combined_sheet,Wikipedia Timeline Day 2,2026-03-01,2026-03-01T06:00:00Z,minute,False,exact,Iran,ballistic missile,Kuwait,Abdullah Al-Mubarak Air Base,mixed,partial intercept,29.2,47.85,point,0,0,,,Abdullah Al-Mubarak Air Base targeted,True
,combined_sheet,Wikipedia Timeline Day 2 / CENTCOM denial,2026-03-01,2026-03-01T08:00:00Z,minute,False,exact,Iran,cruise missile,Israel,USS Abraham Lincoln (claimed - denied),strike,unknown,32.08,34.78,point,0,0,,,IRGC claims 4 cruise missiles hit Abraham Lincoln; CENTCOM denies; carrier continues flight ops,True
,combined_sheet,Wikipedia Timeline Day 2,2026-03-01,2026-03-01T08:00:00Z,minute,False,exact,Iran,unknown,maritime,MQ-9 Reaper drone (over Gulf),strike,impact confirmed,26.0,55.0,point,0,0,,,Iran claims shoot-down of US MQ-9 Reaper; Iran claims confirmed hit,True
,combined_sheet,Wikipedia Timeline Day 2,2026-03-01,2026-03-01T10:00:00Z,minute,False,exact,Iran,ballistic missile,Israel,Beersheba - residential,strike,impact confirmed,31.25,34.79,point,0,19,,,19 injured in missile strike on Beersheba neighborhood,True
,combined_sheet,Wikipedia Timeline Day 2 / CNN,2026-03-01,2026-03-01T10:00:00Z,minute,False,exact,Iran,ballistic missile,UAE,Dubai - general,mixed,partial intercept,25.2,55.27,point,0,0,,,CNN reports explosions in Dubai; UAE shoots down 148 drones 9 ballistic missiles 6 cruise missiles total (Day 2 total),True
,combined_sheet,Wikipedia Timeline Day 2 / CNN,2026-03-01,2026-03-01T10:00:00Z,minute,False,exact,Iran,ballistic missile,Qatar,Doha - general,mixed,partial intercept,25.29,51.53,point,0,0,,,CNN reports explosions in Doha,True
,combined_sheet,Wikipedia Timeline Day 2 / CNN,2026-03-01,2026-03-01T10:00:00Z,minute,False,exact,Iran,ballistic missile,UAE,Abu Dhabi - general,mixed,partial intercept,24.45,54.38,point,0,0,,,CNN reports explosions in Abu Dhabi,True
,combined_sheet,Wikipedia Timeline Day 2,2026-03-01,2026-03-01T10:00:00Z,minute,False,exact,Iran,Shahed drone,Kuwait,US Embassy Kuwait City,strike,impact confirmed,29.37,47.99,point,0,0,,,smoke rises from US embassy; closed indefinitely,True
,combined_sheet,Wikipedia Timeline Day 2,2026-03-01,2026-03-01T10:00:00Z,minute,False,exact,Iran,ballistic missile,Saudi Arabia,Riyadh - general,mixed,partial intercept,24.69,46.69,point,0,0,,,Riyadh hit by direct strikes (Day 2),True
,combined_sheet,Wikipedia Timeline Day 2 / UK MoD,2026-03-01,2026-03-01T12:00:00Z,minute,False,exact,Iran,Shahed drone,Cyprus,RAF Akrotiri,mixed,partial intercept,34.58,32.99,point,0,0,,,~midnight local: 5 drones target RAF Akrotiri; 4 intercepted; 1 hits airfield causing minor damage; air raid sirens,True
,combined_sheet,Wikipedia Timeline Day 2 / FDD,2026-03-01,2026-03-01T12:00:00Z,minute,False,exact,Iranian proxy (Iraqi militia),Shahed drone,Iraq,Erbil - general (23+ attacks),mixed,mixed,36.19,44.01,point,0,0,,,Islamic Resistance in Iraq claims over 23 drone strikes on US assets in Erbil (Day 2 cumulative),True
,combined_sheet,Wikipedia Timeline Day 2,2026-03-01,2026-03-01T14:00:00Z,minute,False,exact,Iran,ballistic missile,Kuwait,Kuwait - general,mixed,partial intercept,29.37,47.98,point,2,0,,,2 Kuwaiti navy members killed amid Iranian attacks; 11-year-old girl later dies from shrapnel,True
,combined_sheet,Wikipedia Timeline Day 2,2026-03-01,2026-03-01T14:00:00Z,minute,False,exact,Iran,Shahed drone,Kuwait,Kuwait - residential (11-year-old girl),mixed,partial intercept,29.37,47.98,point,1,0,,,11-year-old Kuwaiti girl dies from shrapnel injuries,True
,combined_sheet,Wikipedia Timeline Day 3 / NPR,2026-03-02,2026-03-02T00:00:00Z,minute,False,exact,Hezbollah (Iran-directed),rocket,Israel,Haifa - Upper Galilee,mixed,partial intercept,32.79,34.99,point,0,0,,,Hezbollah launches rockets toward Haifa and Upper Galilee; sirens activated; IDF declares official war footing vs Hezbollah,True
,combined_sheet,Wikipedia Timeline Day 3,2026-03-02,2026-03-02T01:40:00Z,minute,False,exact,Iran,ballistic missile,Qatar,Doha - general,mixed,partial intercept,25.29,51.53,point,0,0,,,series of loud blasts in Doha at 1:40 AM local,True
,combined_sheet,Wikipedia Timeline Day 3,2026-03-02,2026-03-02T01:40:00Z,minute,False,exact,Iran,ballistic missile,UAE,UAE - general (missiles detected),mixed,partial intercept,24.45,54.38,point,0,0,,,UAE detects numerous missiles heading from Iran at 3:30 AM local,True
,combined_sheet,Wikipedia Timeline Day 3,2026-03-02,2026-03-02T02:00:00Z,minute,False,exact,Iran,ballistic missile,Bahrain,Bahrain - general,mixed,partial intercept,26.22,50.55,point,0,0,,,sirens across all of Bahrain in early hours Day 3,True
,combined_sheet,Wikipedia Timeline Day 3,2026-03-02,2026-03-02T02:00:00Z,minute,False,exact,Iran,Shahed drone,Saudi Arabia,Riyadh Diplomatic Quarter - US Embassy,strike,impact confirmed,24.69,46.68,point,0,0,,,two drones strike US embassy; two more strike Diplomatic Quarter; fire at US embassy,True
,combined_sheet,Wikipedia Timeline Day 3 / Long War Journal,2026-03-02,2026-03-02T02:00:00Z,minute,False,exact,Iranian proxy (Iraqi militia),Shahed drone,Iraq,Erbil - hotel (US troops),strike,impact confirmed,36.19,44.01,point,0,0,,,Islamic Resistance claims targeting hotel housing US troops in Erbil,True
,combined_sheet,Wikipedia Timeline Day 3,2026-03-02,2026-03-02T03:00:00Z,minute,False,exact,Iran,ballistic missile,Qatar,Al Udeid Air Base,strike,impact confirmed,25.12,51.32,point,0,0,,,Al Udeid Air Base hit; no casualties per Qatari MoD,True
,combined_sheet,Wikipedia Timeline Day 3 / Richard Marles statement,2026-03-02,2026-03-02T03:00:00Z,minute,False,exact,Iran,Shahed drone,UAE,Al Minhad Air Base (Australian JTF-633),strike,impact confirmed,25.03,55.37,point,0,0,,,Iranian drone damages Al Minhad Air Base; Australian Defence Minister confirms no casualties,True
,combined_sheet,Wikipedia Timeline Day 3,2026-03-02,2026-03-02T03:00:00Z,minute,False,exact,Iran,Shahed drone,Kuwait,US Embassy Kuwait City,strike,impact confirmed,29.37,47.99,point,0,0,,,Iranian drones strike US embassy Kuwait City (Day 3 strike),True
,combined_sheet,Wikipedia Timeline Day 3,2026-03-02,2026-03-02T06:00:00Z,minute,False,exact,Iran,ballistic missile,Israel,Tel Aviv - civilian,strike,impact confirmed,32.08,34.78,point,1,27,,,1 civilian woman killed in Tel Aviv; 27 injured,True
,combined_sheet,Wikipedia Timeline Day 3,2026-03-02,2026-03-02T06:00:00Z,minute,False,exact,Iran,ballistic missile,Israel,Israel - Haifa,mixed,mixed,32.79,34.99,point,0,0,,,continued strikes on Haifa; air raid sirens activated,True
,combined_sheet,Wikipedia Timeline Day 3,2026-03-02,2026-03-02T06:00:00Z,minute,False,exact,Iran,ballistic missile,Jordan,Jordan - airspace,mixed,partial intercept,31.95,35.93,point,0,5,,,5 people injured by falling shrapnel from intercepted Iranian missiles in Jordan,True
,combined_sheet,Wikipedia Timeline Day 3,2026-03-02,2026-03-02T06:00:00Z,minute,False,exact,Iran / missile debris,ballistic missile,Syria,Suwayda - residential building,mixed,partial intercept,32.71,36.57,point,4,0,,,missile debris falls on residential building in Suwayda; 4 civilians killed,True
,combined_sheet,Wikipedia Timeline Day 3,2026-03-02,2026-03-02T10:00:00Z,minute,False,exact,Iran,ballistic missile,Israel,Beersheba (Beer al-Sabaa),strike,impact confirmed,31.25,34.79,point,0,10,,,Wave 11: 10 injuries in Beersheba,True
,combined_sheet,Wikipedia Timeline Day 3,2026-03-02,2026-03-02T10:00:00Z,minute,False,exact,Iran,ballistic missile,Kuwait,Camp Arifjan,mixed,partial intercept,29.08,48.1,point,0,0,,,Wave 13: US Navy/Marine base Arifjan targeted,True
,combined_sheet,Wikipedia Timeline Day 3-4,2026-03-02,2026-03-02T12:00:00Z,minute,False,exact,Iran,ballistic missile,Israel,Bnei Brak,mixed,mixed,32.08,34.83,point,0,0,,,Bnei Brak targeted in expanded urban strike wave,True
,combined_sheet,Wikipedia Timeline Day 3,2026-03-02,2026-03-02T14:00:00Z,minute,False,exact,Iran,Shahed drone,maritime,Oil tanker - 17nm NW of Mina Saqr UAE,strike,impact confirmed,25.65,55.9,point,0,0,,,tanker struck 17 nautical miles NW of Mina Saqr; fire subsequently extinguished,True
,combined_sheet,Wikipedia Timeline Day 3,2026-03-02,2026-03-02T14:00:00Z,minute,False,exact,Iran,Shahed drone,maritime,Second tanker off UAE coast,strike,impact confirmed,25.1,55.14,point,0,0,,,second tanker targeted off UAE coast; Strait of Hormuz traffic near zero,True
,combined_sheet,Wikipedia Timeline Day 3,2026-03-02,2026-03-02T14:00:00Z,minute,False,exact,Iran,Shahed drone,Oman,Duqm Port - fuel tank,strike,impact confirmed,19.67,57.7,point,0,0,,,fuel tank at Duqm hit; damage contained; no casualties,True
,combined_sheet,Wikipedia Timeline Day 3,2026-03-02,2026-03-02T14:00:00Z,minute,False,exact,Iran,Shahed drone,Oman,Dhofar - general (2 drones intercepted),mixed,partial intercept,17.02,54.09,point,0,0,,,2 drones intercepted in Dhofar; third crashed near Port of Salalah,True
,combined_sheet,Wikipedia Timeline Day 3,2026-03-02,2026-03-02T16:00:00Z,minute,False,exact,Hezbollah,rocket,Israel,Haifa - continued,mixed,partial intercept,32.79,34.99,point,0,0,,,Hezbollah continued rocket fire toward Haifa region in response to Israeli Beirut strikes,True
,combined_sheet,Wikipedia Timeline Day 4,2026-03-03,2026-03-03T01:00:00Z,minute,False,exact,Iran / IRGC,Shahed drone,Saudi Arabia,Riyadh - Diplomatic Quarter (follow-on),mixed,partial intercept,24.69,46.68,point,0,0,,,continued drone activity over Diplomatic Quarter,True
,combined_sheet,Wikipedia Timeline Day 4,2026-03-03,2026-03-03T04:00:00Z,minute,False,exact,Iranian proxy (Iraqi militia),Shahed drone,Iraq,Erbil - general (Wave 17),mixed,partial intercept,36.19,44.01,point,0,0,,,Wave 17 includes 40+ missiles; IRGC ground forces claim 230 drones engaged; Erbil among targets,True
,combined_sheet,Wikipedia Timeline Day 4,2026-03-03,2026-03-03T04:00:00Z,minute,False,exact,Iran / IRGC,ballistic missile,Kuwait,Ali al-Salem or Camp Arifjan,mixed,partial intercept,29.35,47.52,point,0,0,,,IRGC Wave 17 targets Kuwait US bases,True
,combined_sheet,Wikipedia Timeline Day 4-5,2026-03-03,2026-03-03T08:00:00Z,minute,False,exact,Iran,Shahed drone,UAE,US Consulate Dubai,strike,impact confirmed,25.24,55.33,point,0,0,,,explosions seen at US Consulate in Dubai,True
,combined_sheet,Wikipedia Timeline Day 4,2026-03-03,2026-03-03T08:00:00Z,minute,False,exact,Hezbollah,rocket,Israel,Israel - Lebanon border / northern,mixed,partial intercept,33.05,35.4,point,0,0,,,continued Hezbollah rocket fire from Lebanon; IDF strikes 70+ targets in Dahieh and southern Lebanon,True
,combined_sheet,Wikipedia Timeline Day 4 / Christodoulides statement,2026-03-03,2026-03-03T10:00:00Z,minute,False,exact,Iran,Shahed drone,Cyprus,RAF Akrotiri (second day),mixed,partial intercept,34.58,32.99,point,0,0,,,Cypriot President confirms Iranian drone struck RAF Akrotiri the previous night; Paphos airport evacuated again; Larnaca airport closed (drone from Lebanon intercepted by Greek F-16s),True
,combined_sheet,Wikipedia Timeline Day 4,2026-03-03,2026-03-03T10:00:00Z,minute,False,exact,Iran,Shahed drone,Cyprus,Larnaca International Airport,intercept,intercepted,34.87,33.62,point,0,0,,,drone from Lebanon heading for Larnaca shot down by Greek F-16s,True
TOI-0228-001,combined_sheet,ToI liveblog Feb 28; Defense Minister Katz statement,2026-02-28,2026-02-28T06:23:00Z,minute,False,exact,Israel/US,preemptive strike announced,Iran,Iran (multiple targets),unknown,,,,unknown,,,,Defense Minister Katz declares preemptive attack on Iran; nationwide sirens simultaneously,,True
TOI-0228-003,combined_sheet,ToI liveblog Feb 28; Channel 12; IDF,2026-02-28,2026-02-28T06:44:00Z,minute,False,exact,Iran,ballistic missile,Israel,central and northern Israel,mixed,,,,unknown,,,,First confirmed Iranian retaliatory barrage; sirens in central and northern Israel,,True
TOI-0228-004,combined_sheet,ToI liveblog Feb 28; MDA; Fire and Rescue,2026-02-28,2026-02-28T08:00:00Z,estimated,True,midpoint_of_range,Iran,ballistic missile,Israel,Tirat Hacarmel,strike,,,,unknown,0.0,1,,Shrapnel penetrated 17th floor of 20-story building; 1 lightly injured,,True
TOI-0228-005,combined_sheet,ToI liveblog Feb 28; IDF,2026-02-28,2026-02-28T08:30:00Z,estimated,True,midpoint_of_range,Iran,UAV/drone,Israel,multiple locations,intercept,,,,unknown,0.0,0,10+,10+ Iranian UAVs shot down throughout morning-afternoon; 3 drones intercepted over northern and southern Israel,,True
TOI-0228-006,combined_sheet,ToI liveblog Feb 28; IDF Home Front Command,2026-02-28,2026-02-28T10:00:00Z,estimated,True,approx_time,Iran,ballistic missile,Israel,Rishon Letzion area,unknown,,,,unknown,,,,IDF acknowledged technical malfunction prevented early warning; sirens still sounded 90 sec before impact,,True
TOI-0228-007,combined_sheet,ToI liveblog Feb 28; IDF Home Front Command,2026-02-28,2026-02-28T12:00:00Z,estimated,True,approx_time,Iran,UAV/drone,Israel,Kiryat Shmona / Metula / Majdal Shams,intercept,,,,unknown,0.0,0,1,Suspected drone infiltration alerts in Upper Galilee and northern Golan Heights; 1 drone intercepted,,True
TOI-0228-009,combined_sheet,ToI liveblog Feb 28; IDF; MDA,2026-02-28,2026-02-28T14:40:00Z,minute,False,exact,Iran,ballistic missile / drone,Israel,central Israel / Dead Sea area,unknown,,,,unknown,0.0,1,,Sirens in central Israel; drone alert near Dead Sea; 17-year-old sustained light shrapnel injuries to lower body,,True
TOI-0228-010,combined_sheet,ToI liveblog Feb 28; MDA; Fire and Rescue,2026-02-28,2026-02-28T15:00:00Z,estimated,True,approx_time,Iran,ballistic missile,Israel,central Israel (unspecified),strike,,,,unknown,0.0,0,,Unconfirmed direct hit on residential building; MDA dispatched paramedics; no immediate injuries at site,,True
TOI-0228-011,combined_sheet,ToI liveblog Feb 28; MDA,2026-02-28,2026-02-28T16:00:00Z,estimated,True,midpoint_of_range,Iran,ballistic missile,Israel,Bnei Brak / Rosh HaAyin,strike,,,,unknown,0.0,7,,Iranian ballistic missiles struck Bnei Brak and Rosh HaAyin; 7 civilians injured total,,True
TOI-0228-012,combined_sheet,ToI liveblog Feb 28; IDF; MDA,2026-02-28,2026-02-28T16:30:00Z,minute,False,exact,Iran,ballistic missile / UAV,Israel,nationwide,mixed,,,,unknown,,,,IDF assessment: 200+ missiles and UAVs launched since morning; MDA treated ~100 people (all light injuries),,True
TOI-0228-013,combined_sheet,ToI liveblog Feb 28; MDA; Fire and Rescue,2026-02-28,2026-02-28T18:00:00Z,estimated,True,midpoint_of_range,Iran,ballistic missile (shrapnel),Israel,Jerusalem area / West Bank,unknown,,,,unknown,0.0,0,,Fires in Jerusalem area and West Bank from missile shrapnel; no injuries,,True
TOI-0228-014,combined_sheet,ToI liveblog Feb 28; MDA; IDF Home Front Command; Fire and Rescue,2026-02-28,2026-02-28T21:07:00Z,minute,False,exact,Iran,ballistic missile (complete),Israel,central Tel Aviv,strike,,,,unknown,1.0,27,,"Deadliest strike of Day 1. Complete missile (~several hundred kg warhead) struck next to apartment building. 1 killed: Mary Anne Velasquez de Vera (Philippine national caregiver ~40s). 27 wounded incl. man 40s (serious), man 30s (moderate), woman 90s (moderate). ~40 buildings damaged",,True
TOI-0228-015,combined_sheet,ToI liveblog Feb 28; MDA; Fire and Rescue,2026-02-28,2026-02-28T21:30:00Z,estimated,True,approx_time,Iran,ballistic missile,Israel,Gush Dan (greater Tel Aviv),strike,,,,unknown,0.0,15,,Additional direct hits in several Gush Dan locations shortly before midnight; 15 injuries at one building,,True
TOI-0301-001,combined_sheet,ToI liveblog entry (Eilat drone alert); IDF,2026-03-01,2026-03-01T00:14:00Z,minute,False,exact,Iran,UAV/drone,Israel,Eilat,intercept,,,,unknown,0.0,0,12+,Drone infiltration sirens in Eilat; IDF reported downing 12+ drones from Iran; no injuries,,True
TOI-0301-002,combined_sheet,ToI liveblog entry; IDF,2026-03-01,2026-03-01T23:17:00Z,minute,False,exact,Hezbollah,rockets,Israel,Haifa / Upper Galilee,mixed,,,,unknown,0.0,0,1,First Hezbollah rocket fire since Nov 2024 ceasefire; sirens in Haifa and Upper Galilee; 1 rocket intercepted; several fell in open areas,,True
TOI-0301-005,combined_sheet,ToI liveblog entry (Herzog visit),2026-03-01,2026-03-01T11:44:00Z,minute,False,exact,,political visit,Israel,Tel Aviv strike site,unknown,,,,unknown,,,,President Herzog visited Tel Aviv strike site from previous night,,True
TOI-0301-007,combined_sheet,ToI liveblog entries (multiple); MDA; IDF; JPost; Al Jazeera,2026-03-01,2026-03-01T12:00:00Z,estimated,True,approx_time,Iran,ballistic missile (500kg warhead),Israel,Beit Shemesh,strike,,,,unknown,9.0,50+,,DEADLIEST INCIDENT. Missile struck residential area destroying synagogue and bomb shelter. 9 killed: Yaakov Biton 16; Avigail Biton 15; Sarah Biton 13; Ronit Elimelech; Sara Elimelech; Bruria Cohen; Yosef Cohen; Oren Katz; Gavriel Baruch Ravach 16. 50+ injured incl. 4-year-old boy moderate,,True
TOI-0301-009,combined_sheet,ToI liveblog entries; MDA,2026-03-01,2026-03-01T14:00:00Z,estimated,True,midpoint_of_range,Iran,ballistic missile,Israel,highway outside Jerusalem,strike,,,,unknown,0.0,3,,Iranian missile struck highway outside Jerusalem; 3 wounded,,True
TOI-0301-010,combined_sheet,ToI liveblog Mar 1,2026-03-01,2026-03-01T16:00:00Z,estimated,True,midpoint_of_range,Iran,ballistic missile (fragment),Israel,Tel Aviv area,strike,,,,unknown,0.0,1,,45-year-old man lightly injured by missile fragment impact in Tel Aviv area,,True
TOI-0301-012,combined_sheet,ToI liveblog Mar 1; IDF,2026-03-01,2026-03-01T18:00:00Z,estimated,True,midpoint_of_range,Iran,UAV/drone,Israel,Upper Galilee,intercept,,,,unknown,0.0,0,,Drone infiltration sirens in Upper Galilee; origin unclear; IDF shot down 50+ drones from Iran since conflict start,,True
TOI-0301-013,combined_sheet,ToI liveblog entry (IDF: over 2000 bombs),2026-03-01,2026-03-01T17:03:00Z,minute,False,exact,Israel,IDF operational update,Iran,Iran (multiple targets),unknown,,,,unknown,,,,IAF dropped 2000+ bombs in hundreds of strikes; 700+ sorties flown; aerial superiority within 24 hours; 50+ Iranian drones shot down,,True
TOI-0302-002,combined_sheet,ToI liveblog Mar 2; IDF,2026-03-02,2026-03-02T02:43:00Z,minute,False,exact,Hezbollah,UAV/drone,Israel,Western Galilee,intercept,,,,unknown,0.0,0,2,Israeli Air Force intercepted 2 UAVs from Lebanon over Western Galilee,,True
TOI-0302-003,combined_sheet,ToI liveblog entry (Emanuel Fabian); IDF,2026-03-02,2026-03-02T05:06:00Z,minute,False,exact,Iran,ballistic missile,Israel,southern and central Israel,unknown,,,,unknown,0.0,0,,After 8-hour lull; IDF detected new ballistic missile launch; sirens expected; no hits reported,,True
TOI-0302-004,combined_sheet,JPost; ToI liveblog Mar 2,2026-03-02,2026-03-02T09:00:00Z,estimated,True,midpoint_of_range,Iran,ballistic missile,Israel,all Israel,unknown,,,,unknown,0.0,0,,Sirens sounded all across Israel; no hits reported per MDA,,True
TOI-0302-005,combined_sheet,ToI liveblog entry (Emanuel Fabian),2026-03-02,2026-03-02T10:04:00Z,minute,False,exact,Iran,ballistic missile,Israel,central Israel,intercept,,,,unknown,,,,New Iranian ballistic missile launch detected; sirens expected in central Israel,,True
TOI-0302-006,combined_sheet,ToI liveblog entry (fake news Netanyahu),2026-03-02,2026-03-02T10:39:00Z,minute,False,exact,Iran (IRGC claim),ballistic missile,Israel,Jerusalem (PM office) / Tel Aviv (Kirya),unknown,,,,unknown,,,,IRGC claimed targeting PM Netanyahu office in Jerusalem and IAF HQ; Netanyahu office dismissed as fake news,,True
TOI-0302-007,combined_sheet,ToI liveblog entry (Beersheba strike); JPost article-888456,2026-03-02,2026-03-02T10:59:00Z,minute,False,exact,Iran,ballistic missile,Israel,Beersheba,strike,,,,unknown,0.0,19,,Direct hit in Beersheba residential area; several homes destroyed; 19 wounded (1 moderate: 35-year-old man; 18 light). All to Soroka Medical Center,,True
TOI-0302-010,combined_sheet,ToI liveblog entry,2026-03-02,2026-03-02T23:26:00Z,minute,False,exact,Israel,aerial bombs,Lebanon,Haret Hreik (Al-Manar TV HQ),strike,,,,unknown,,,,IDF struck Hezbollah Al-Manar TV HQ in Beirut; briefly off air then resumed,,True
TOI-0303-002,combined_sheet,JPost; Israel Hayom,2026-03-03,2026-03-03T05:00:00Z,estimated,True,midpoint_of_range,Iran,UAV/drone,Israel,Jerusalem,intercept,,,,unknown,0.0,0,,Drone infiltration sirens over Jerusalem; early morning,,True
TOI-0303-004,combined_sheet,Israel Hayom; MDA,2026-03-03,2026-03-03T08:50:00Z,minute,False,exact,Hezbollah,rockets,Israel,Galilee Panhandle,strike,,,,unknown,0.0,1,,Missile from Lebanon hit a house in Galilee Panhandle; 64-year-old man lightly injured; 3 treated for anxiety,,True
TOI-0303-005,combined_sheet,Israel Hayom,2026-03-03,2026-03-03T09:25:00Z,minute,False,exact,Iran,ballistic missile (shrapnel),Israel,Petah Tikva,unknown,,,,unknown,0.0,0,,Shrapnel fell in Petah Tikva following Iranian launches; no casualties,,True
TOI-0303-008,combined_sheet,JPost; MDA,2026-03-03,2026-03-03T11:00:00Z,estimated,True,approx_time,Iran,ballistic missile,Israel,central Israel (building),strike,,,,unknown,0.0,2,,Direct hit on building in central Israel; two people injured en route to shelters,,True
TOI-0303-010,combined_sheet,Israel Hayom; ToI; MDA; IDF; JPost article-888592,2026-03-03,2026-03-03T13:50:00Z,minute,False,exact,Iran,ballistic missile (cluster warhead),Israel,greater Tel Aviv area,strike,,,,unknown,0.0,12,,Most significant Day 4 strike. Cluster warhead broke apart mid-air; ~20 bomblets each 2.5 kg explosive across 8 km radius. 12 wounded: woman 40s moderate (blast); 4 good condition (glass/blast); 7 additional treated,,True
TOI-0303-012,combined_sheet,Israel Hayom,2026-03-03,2026-03-03T15:28:00Z,minute,False,exact,Hezbollah,UAV/drone,Israel,Krayot area (near Haifa),intercept,,,,unknown,0.0,0,,Drone reaching Krayot area; continued sirens,,True
TOI-0303-014,combined_sheet,ToI liveblog entry (sirens expected another launch),2026-03-03,2026-03-03T20:00:00Z,estimated,True,midpoint_of_range,Iran,ballistic missile,Israel,central Israel,intercept,,,,unknown,,,,After ~7-hour lull; new ballistic missile launch from Iran; sirens expected in central Israel,,True
TOI-0304-002,combined_sheet,ToI liveblog entry (Beersheba sirens); Emanuel Fabian,2026-03-04,2026-03-04T02:26:00Z,minute,False,exact,Iran,ballistic missile,Israel,Beersheba and surrounding area,intercept,,,,unknown,0.0,0,,Sirens in Beersheba and surrounding area; IDF working to intercept; no injuries,,True
TOI-0304-003,combined_sheet,ToI liveblog entry (Safed rockets); Emanuel Fabian; IDF,2026-03-04,2026-03-04T02:49:00Z,minute,False,exact,Hezbollah,rockets,Israel,Safed / Upper Galilee,mixed,,,,unknown,0.0,0,most intercepted,Hezbollah rockets triggered sirens in Safed and Upper Galilee; most intercepted; one rocket impacted in area; no injuries,,True
TOI-0304-006,combined_sheet,ToI liveblog Mar 4; IDF,2026-03-04,2026-03-04T06:00:00Z,estimated,True,midpoint_of_range,Hezbollah,UAV/drone,Israel,Galilee Panhandle / at sea,intercept,,,,unknown,0.0,0,1,Suspected drone infiltration sirens in Galilee Panhandle; IDF Navy shot down Hezbollah drone at sea,,True
TOI-0304-007,combined_sheet,ToI liveblog entry (amid rocket fire from Lebanon sirens central Israel Iran); Emanuel Fabian,2026-03-04,2026-03-04T12:05:00Z,minute,False,exact,Iran + Hezbollah,ballistic missile + rockets,Israel,Jerusalem / Tel Aviv / central Israel,mixed,,,,unknown,,,,ESCALATION: First confirmed concurrent Iranian missile and Hezbollah rocket barrage at central Israel; sirens across Jerusalem Tel Aviv and central Israel,,True
TOI-0304-008,combined_sheet,ToI liveblog entry (two injured concurrent); MDA; Emanuel Fabian,2026-03-04,2026-03-04T13:24:00Z,minute,False,exact,Iran + Hezbollah,ballistic missile fragments + rocket fragments,Israel,central Israel,unknown,,,,unknown,0.0,2,,2 civilians injured (good condition): man 30s hurt by shrapnel; another wounded by blast from the 14:05 concurrent barrage,,True
TOI-0304-009,combined_sheet,ToI liveblog Mar 4,2026-03-04,2026-03-04T15:00:00Z,estimated,True,midpoint_of_range,Iran,ballistic missile (fragment),Israel,Jerusalem area,unknown,,,,unknown,0.0,0,,Missile fragments landed in Jerusalem area; no injuries,,True
CTP-001,combined_sheet,CTP Evening 28Feb - at least 20 barrages on Feb 28; 2-3 missiles per attack; POSSIBLE_DUPLICATE,2026-02-28,,unknown,True,,Iran/IRGC,Ghadr MRBM and other ballistic missiles,Israel,,unknown,,,,unknown,,,,Ghadr missiles confirmed used per CTP citing IDF. Lower rate/scale than 12-day war first two barrages (<100 missiles each),,True
CTP-002,combined_sheet,CTP Evening 28Feb - multiple Iranian drone strikes on civilian infrastructure in Gulf wounded civilians,2026-02-28,,unknown,True,,Iran/IRGC,Shahed-type UAVs,multiple GCC states,civilian infrastructure in Gulf,unknown,,,,unknown,0.0,multiple,,Iran primarily using ballistic missiles vs Israel but drones vs Gulf countries,,True
CTP-005,combined_sheet,CTP Evening 28Feb - IRI claimed 16 operations with dozens of drones on Feb 28; POSSIBLE_DUPLICATE,2026-02-28,,unknown,True,,Islamic Resistance in Iraq,UAVs,Iraq/regional,enemy bases,intercept,,,,unknown,,,,Iraqi Joint Operations Command intercepted 9 drones launched at Iraqi military sites in Dhi Qar and Basra provinces,,True
CTP-006,combined_sheet,CTP Evening 28Feb,2026-02-28,,unknown,True,,Iraq-based actors (unspecified),drones,Iraq,Iraqi military sites,intercept,,,,unknown,0.0,0,9 intercepted,No group claimed; likely militia-launched,,True
CTP-010,combined_sheet,CTP Morning 2Mar - US sources said Shahed drones 'so far the most dangerous threat'; getting through some defenses,2026-03-01,,unknown,True,,Iran/IRGC,Shahed-136 UAVs,UAE,civilian infrastructure,unknown,,,,unknown,,,,Iran relying on drone stockpile for Gulf attacks; shorter flight time than to Israel,,True
CTP-011,combined_sheet,CTP Morning 2Mar,2026-03-01,,unknown,True,,Iran/IRGC,drones,UAE,Jebel Ali power station complex,strike,,25.01,55.06,point,,,,Jebel Ali is UAE's largest power production and desalination plant,,True
CTP-012,combined_sheet,CTP Evening Mar3; POSSIBLE_DUPLICATE,2026-03-01,,unknown,True,,Iran/IRGC,ballistic missiles,Kuwait,Camp Arifjan,strike,,29.08,48.1,point,6.0,0,,Iran struck Camp Arifjan killing 6 US servicemembers,,True
CTP-013,combined_sheet,CTP Morning 2Mar; POSSIBLE_DUPLICATE,2026-03-01,,unknown,True,,Hezbollah,rockets and drones,Israel,IDF Mishmar al Karmel missile defense site,intercept,,,,unknown,0.0,0,1 intercepted,First Hezbollah rocket attack into Israel since Nov 2024 ceasefire. Targeted specific Israeli missile defense site,,True
CTP-015,combined_sheet,CTP Morning 2Mar; POSSIBLE_DUPLICATE,2026-03-02,,unknown,True,,Iran/IRGC,drones,Saudi Arabia,Ras Tanura oil refinery (Aramco),mixed,,26.64,50.15,point,0.0,0,intercepted,Saudi Arabia's largest oil refinery; Aramco facility,,True
CTP-016,combined_sheet,CTP Morning 2Mar,2026-03-02,,unknown,True,,Iran/IRGC,drones and missiles,Qatar,Ras Laffan Industrial City,unknown,,,,unknown,,,,Major hub for liquefied natural gas,,True
CTP-017,combined_sheet,CTP Morning 2Mar,2026-03-02,,unknown,True,,Iran/IRGC,drones,Bahrain,Aluminum Bahrain Company (ALBA),strike,,,,unknown,,,,Strategically important: produces aluminum for military aircraft/vehicles/ships,,True
CTP-018,combined_sheet,CTP Morning 2Mar,2026-03-02,,unknown,True,,Iran/IRGC,drone,Qatar,Mesaieed industrial zone,strike,,,,unknown,,,,Mesaieed houses Qatari petrochemical and manufacturing facilities,,True
CTP-019,combined_sheet,CTP Evening Mar2 - UAE MoD: 174 BMs and 689 drones at UAE since start; 3 killed 68 injured total; POSSIBLE_DUPLICATE,2026-03-02,,unknown,True,,Iran/IRGC,drones,UAE,civilian targets,unknown,,,,unknown,3.0,68,,UAE MoD figures. CTP-ISW noted UAE and Kuwait and Qatar bore brunt of Iranian strikes,,True
CTP-020,combined_sheet,CTP Evening Mar3 - two US officials told NYT drone struck US Embassy Kuwait on Mar 2; AFP: several strikes damaged it,2026-03-02,,unknown,True,,Iran/IRGC,drones,Kuwait,US Embassy Kuwait,strike,,29.37,47.99,point,,,,Embassy closed until further notice,,True
CTP-021,combined_sheet,CTP Evening Mar3 - two drones struck US Embassy Riyadh on Mar 2; one reportedly struck CIA station; POSSIBLE_DUPLICATE,2026-03-02,,unknown,True,,Iran/IRGC,drones,Saudi Arabia,US Embassy Riyadh,strike,,24.69,46.69,point,,,,State Dept closed embassy on Mar 3,,True
CTP-023,combined_sheet,CTP Evening Mar2 - first attack on Cyprus; POSSIBLE_DUPLICATE,2026-03-02,,unknown,True,,Iran/IRGC,UAV,Cyprus,RAF Akrotiri,unknown,,,,unknown,,,,Attack on EU/NATO member state's territory,,True
CTP-026,combined_sheet,CTP Evening Mar3,2026-03-03,,unknown,True,,Iran/IRGC,drone,UAE,US Consulate Dubai,unknown,,25.24,55.33,point,0.0,0,,Fire extinguished by Emirati emergency services,,True
CTP-027,combined_sheet,CTP Evening Mar3,2026-03-03,,unknown,True,,Iran/IRGC,UAV,Saudi Arabia,US Embassy Riyadh,unknown,,24.69,46.69,point,,,,Embassy closed Mar 3,,True
CTP-028,combined_sheet,CTP Evening Mar3 - IAF announced successful interception of over 100 Iranian drones since start,,,unknown,True,,Iran/IRGC,drones,Israel,,intercept,,,,unknown,0.0,0,100+ intercepted,Aggregate IAF drone interception figure,,True
CTP-030,combined_sheet,CTP Evening Mar3 - combined force struck KH Jurf al-Sakhr stronghold on Mar 3,2026-03-03,,unknown,True,,US-Israel combined force,multiple,,Jurf al-Sakhr,unknown,,,,unknown,,,,Repeated strikes on this location since Feb 28,,True
CTP-031,combined_sheet,CTP Evening Mar3 - two waves of strikes on PMF 30th Brigade HQ in Ninewa Plains,2026-03-03,,unknown,True,,US-Israel combined force,multiple,Iraq,PMF 30th Brigade HQ,unknown,,,,unknown,,,,30th Brigade is Shabak fighters aligned with Badr Organization,,True
CTP-032,combined_sheet,CTP Evening Mar3 - first strike on PMF 30th Brigade on Mar 1,2026-03-01,,unknown,True,,US-Israel combined force,multiple,Iraq,PMF 30th Brigade HQ,strike,,,,unknown,,,,,,True
CTP-040,combined_sheet,CTP Evening Mar1; POSSIBLE_DUPLICATE,2026-03-01,,unknown,True,,Iran/IRGC,missiles/drones,Oman,oil tanker Skylight (Palau-flagged),unknown,,,,unknown,0.0,4,,5nm off Oman coast,,True
CTP-041,combined_sheet,CTP Evening Mar1; POSSIBLE_DUPLICATE,2026-03-01,,unknown,True,,Iran/IRGC,UAVs,Oman,Duqm Port,unknown,,19.67,57.7,point,0.0,1,,,,True
CTP-042,combined_sheet,CTP Evening 28Feb; POSSIBLE_DUPLICATE,2026-02-28,,unknown,True,,Iran/IRGC,missiles and UAVs,Jordan,Muwaffaq al-Salti Air Base,mixed,,,,unknown,0.0,0,all intercepted,Multiple attacks on this base,,True
CTP-043,combined_sheet,CTP Evening 28Feb; POSSIBLE_DUPLICATE,2026-02-28,,unknown,True,,Iran/IRGC,ballistic missile,Jordan,Al-Hashemi Street,unknown,,,,unknown,,,,,,True
CTP-044,combined_sheet,CTP Evening 28Feb; POSSIBLE_DUPLICATE,2026-02-28,,unknown,True,,Iran/IRGC,missiles and UAVs,Qatar,Al Udeid Air Base; radar installation; airport,unknown,,25.12,51.32,point,,,,Qatar reported 44 missiles and 8 UAVs,,True
CTP-045,combined_sheet,CTP Evening 28Feb; POSSIBLE_DUPLICATE,2026-02-28,,unknown,True,,Iran/IRGC,missiles and UAVs,Bahrain,US Fifth Fleet base; Crowne Plaza; residential,unknown,,,,unknown,,,,,,True
CTP-046,combined_sheet,CTP Evening 28Feb; POSSIBLE_DUPLICATE,2026-02-28,,unknown,True,,Iran/IRGC,missiles and UAVs,UAE,Al Dhafra AB; Jumeirah; Burj Al Arab,strike,,24.25,54.55,point,1.0,multiple,,,,True
CTP-047,combined_sheet,CTP Evening 28Feb; POSSIBLE_DUPLICATE,2026-02-28,,unknown,True,,Iran/IRGC,ballistic missiles,Saudi Arabia,King Fahd AB; King Salman HQ,unknown,,,,unknown,,,,,,True
CTP-048,combined_sheet,CTP Evening 28Feb; POSSIBLE_DUPLICATE,2026-02-28,,unknown,True,,Iran/IRGC,missiles and UAVs,Kuwait,Salem Base; Kuwait Intl Airport,unknown,,,,unknown,,,,,,True
CTP-049,combined_sheet,CTP Evening 28Feb; POSSIBLE_DUPLICATE,2026-02-28,,unknown,True,,Iran/IRGC,missiles and UAVs,Iraq,Al-Harir; Ain al-Asad bases,unknown,,,,unknown,,,,,,True
CTP-050,combined_sheet,CTP Evening Mar3; POSSIBLE_DUPLICATE,2026-03-03,,unknown,True,,Iran/IRGC,UAVs and missiles,Iraq,Al-Harir base; US targets in Erbil,unknown,,,,unknown,,,,,,True
CTP-051,combined_sheet,CTP Evening Mar3; POSSIBLE_DUPLICATE,2026-03-03,,unknown,True,,Iran/IRGC,missiles and UAVs,Iraq,Al-Bakr military airfield,unknown,,,,unknown,,,,,,True
CTP-052,combined_sheet,CTP Evening Mar3; POSSIBLE_DUPLICATE,2026-03-03,,unknown,True,,Iran/IRGC,UAV,Saudi Arabia,US Embassy Riyadh (second day),unknown,,24.69,46.69,point,,,,Second US embassy attacked after Kuwait,,True
CTP-053,combined_sheet,CTP Evening Mar3; POSSIBLE_DUPLICATE,2026-03-03,,unknown,True,,Iran/IRGC,UAVs,Oman,Duqm port fuel tanks; Salalah port,strike,,19.67,57.7,point,,,,Expansion to energy infrastructure and new port city Salalah,,True
CTP-054,combined_sheet,CTP Evening Mar3; POSSIBLE_DUPLICATE,2026-03-03,,unknown,True,,Iran/IRGC,missiles and UAVs,UAE,Minhad AB (Australian AF); oil tanks Fujairah,unknown,,,,unknown,,,,Australian Air Force base targeted; Fujairah oil storage damaged,,True
CTP-055,combined_sheet,CTP Evening Mar3; POSSIBLE_DUPLICATE,2026-03-03,,unknown,True,,Iran/IRGC,missiles and UAVs,Qatar,Al Udeid AB; Hamad Intl Airport (attempted),unknown,,25.12,51.32,point,,,,,,True
CTP-056,combined_sheet,CTP aggregate across all 6 reports,,,unknown,True,,Iran/IRGC,ballistic missiles,Israel; UAE; GCC,multiple,intercept,,,,unknown,11.0,1000+,100+ drones intercepted by IAF,Key CTP-ISW analytical finding: combined force campaign designed to destroy BM capabilities before depleting interceptor stockpiles. Strategy succeeding per observable metrics,,True
CTP-057,combined_sheet,CTP Evening Mar2-3; POSSIBLE_DUPLICATE,2026-03-03,,unknown,True,,Hezbollah,rockets and UAVs,Israel,multiple northern communities,strike,,,,unknown,,,,CTP noted IDF retaliatory strikes killed Hezbollah Intelligence chief Hussein Mekeld and Mohammad Raad,,True
ALMA-001,alma_sheet,Alma Daily 28Feb 1930 - 8 of 23 waves directed at northern region,2026-02-28,2026-02-28T13:00:00Z,estimated,True,local_descriptor_afternoon;default_tz_UTC+2,Iran/IRGC,ballistic missile salvo,Israel,,intercept,sirens; interceptions,,,region,0,0,,Alma wave count: 8 waves toward northern region as of 17:00 local,Alma wave count: 8 waves toward northern region as of 17:00 local,True
ALMA-002,alma_sheet,Alma Daily 28Feb 1930 - 9 of 23 waves directed at Tel Aviv area,2026-02-28,2026-02-28T15:00:00Z,estimated,True,by_time_upper_bound;default_tz_UTC+2,Iran/IRGC,ballistic missile salvo,Israel,,mixed,direct hit on building; interceptions,,,region,1,multiple,,Alma wave count: 9 waves toward Tel Aviv area as of 17:00. 1 civilian killed in direct hit on building. POSSIBLE_DUPLICATE,Alma wave count: 9 waves toward Tel Aviv area as of 17:00. 1 civilian killed in direct hit on building. POSSIBLE_DUPLICATE,True
ALMA-003,alma_sheet,Alma Daily 28Feb 1930 - 3 of 23 waves directed at Jerusalem area,2026-02-28,2026-02-28T15:00:00Z,estimated,True,by_time_upper_bound;default_tz_UTC+2,Iran/IRGC,ballistic missile salvo,Israel,,intercept,interceptions,,,region,0,0,,Alma wave count: 3 waves toward Jerusalem area as of 17:00,Alma wave count: 3 waves toward Jerusalem area as of 17:00,True
ALMA-004,alma_sheet,Alma Daily 28Feb 1930 - 3 of 23 waves directed at southern region,2026-02-28,2026-02-28T15:00:00Z,estimated,True,by_time_upper_bound;default_tz_UTC+2,Iran/IRGC,ballistic missile salvo,Israel,,intercept,interceptions,,,region,0,0,,Alma wave count: 3 waves toward southern region as of 17:00,Alma wave count: 3 waves toward southern region as of 17:00,True
ALMA-005,alma_sheet,Alma Multi-Front Offensive Feb28-Mar1; POSSIBLE_DUPLICATE,2026-02-28,,unknown,True,,Iran/IRGC,combined missile/UAV,Iraq,Al-Harir Base,strike,strike on base,,,region,,,,Al-Harir base in Iraqi Kurdistan attacked,Al-Harir base in Iraqi Kurdistan attacked,True
ALMA-006,alma_sheet,Alma Multi-Front Offensive Feb28-Mar1; POSSIBLE_DUPLICATE,2026-02-28,,unknown,True,,Iran/IRGC,combined missile/UAV,Iraq,Ain al-Asad Base,strike,strike on base,,,region,,,,,,True
ALMA-007,alma_sheet,Alma Multi-Front Offensive Feb28-Mar1,2026-02-28,,unknown,True,,Iran/IRGC,combined missile/UAV,Iraq,,unknown,reported strikes,,,region,,,,Attacks reported in Jurf al-Sakhar area,Attacks reported in Jurf al-Sakhar area,True
ALMA-008,alma_sheet,Alma Multi-Front Offensive Feb28-Mar1; POSSIBLE_DUPLICATE,2026-02-28,,unknown,True,,Iran/IRGC,missile strike,Jordan,Muwaffaq al-Salti Air Base,mixed,intercepted per Jordan,,,region,0,0,all intercepted,Jordan announced successful interception of all attacks; multiple strikes,Jordan announced successful interception of all attacks; multiple strikes,True
ALMA-009,alma_sheet,Alma Multi-Front Offensive Feb28-Mar1,2026-02-28,,unknown,True,,Iran/IRGC,missile strike,Jordan,Al-Hashemi Street,strike,missile impact,,,region,,,,Missile fell on civilian street in Irbid,Missile fell on civilian street in Irbid,True
ALMA-010,alma_sheet,Alma Multi-Front Offensive Feb28-Mar1; POSSIBLE_DUPLICATE,2026-02-28,,unknown,True,,Iran/IRGC,missile/UAV strike,Bahrain,US Fifth Fleet Base,strike,strike on base,,,region,,,,,,True
ALMA-011,alma_sheet,Alma Multi-Front Offensive Feb28-Mar1; POSSIBLE_DUPLICATE,2026-02-28,,unknown,True,,Iran/IRGC,UAV strike,Bahrain,,unknown,strikes on residential buildings,,,region,,,,Civilian targets including residential buildings,Civilian targets including residential buildings,True
ALMA-012,alma_sheet,Alma Multi-Front Offensive Feb28-Mar1,2026-02-28,,unknown,True,,Iran/IRGC,UAV strike,Bahrain,Crowne Plaza Hotel,strike,strike on hotel,,,region,,,,Crowne Plaza hotel in Manama targeted,Crowne Plaza hotel in Manama targeted,True
ALMA-013,alma_sheet,Alma Multi-Front Offensive Feb28-Mar1; POSSIBLE_DUPLICATE,2026-02-28,,unknown,True,,Iran/IRGC,missile/UAV strike,Qatar,Al Udeid Air Base,strike,strike on base,,,region,,,,Qatar reported 44 missiles and 8 UAVs launched on Feb 28,Qatar reported 44 missiles and 8 UAVs launched on Feb 28,True
ALMA-014,alma_sheet,Alma Multi-Front Offensive Feb28-Mar1,2026-02-28,,unknown,True,,Iran/IRGC,missile/UAV strike,Qatar,American radar system,strike,strike on radar,,,region,,,,American radar installation attacked,American radar installation attacked,True
ALMA-015,alma_sheet,Alma Multi-Front Offensive Feb28-Mar1,2026-02-28,,unknown,True,,Iran/IRGC,missile/UAV strike,Qatar,Hamad International Airport,strike,strike on airport,,,region,,,,International airport targeted,International airport targeted,True
ALMA-016,alma_sheet,Alma Multi-Front Offensive Feb28-Mar1; POSSIBLE_DUPLICATE,2026-02-28,,unknown,True,,Iran/IRGC,missile strike,Kuwait,Salem Base,strike,strike on base,,,region,,,,,,True
ALMA-017,alma_sheet,Alma Multi-Front Offensive Feb28-Mar1,2026-02-28,,unknown,True,,Iran/IRGC,missile strike,Kuwait,Kuwait International Airport,strike,strike on airport,,,region,,,,Kuwait International Airport attacked,Kuwait International Airport attacked,True
ALMA-018,alma_sheet,Alma Multi-Front Offensive Feb28-Mar1; POSSIBLE_DUPLICATE,2026-02-28,,unknown,True,,Iran/IRGC,missile strike,Saudi Arabia,King Fahd Air Base,strike,strike on base,,,region,,,,,,True
ALMA-019,alma_sheet,Alma Multi-Front Offensive Feb28-Mar1,2026-02-28,,unknown,True,,Iran/IRGC,missile strike,Saudi Arabia,King Salman HQ,strike,strike on HQ,,,region,,,,King Salman headquarters attacked by missiles,King Salman headquarters attacked by missiles,True
ALMA-020,alma_sheet,Alma Multi-Front Offensive Feb28-Mar1; POSSIBLE_DUPLICATE,2026-02-28,,unknown,True,,Iran/IRGC,missile/UAV strike,UAE,Al Dhafra Air Base,unknown,strike; 1 killed,,,region,1,0,,1 person of Asian origin killed,1 person of Asian origin killed,True
ALMA-021,alma_sheet,Alma Multi-Front Offensive Feb28-Mar1,2026-02-28,,unknown,True,,Iran/IRGC,UAV strike,UAE,Jumeirah hotel area,unknown,UAV strikes on hotel area,,,region,,,,Civilian hotel area in Jumeirah targeted,Civilian hotel area in Jumeirah targeted,True
ALMA-022,alma_sheet,Alma Multi-Front Offensive Feb28-Mar1,2026-02-28,,unknown,True,,Iran/IRGC,UAV strike,UAE,Burj Al Arab hotel,unknown,UAV attack on landmark,,,region,,,,Symbolic target - Burj Al Arab hotel,Symbolic target - Burj Al Arab hotel,True
ALMA-024,alma_sheet,Alma Multi-Front Offensive Feb28-Mar1,2026-02-28,,unknown,True,,Iraqi Shiite militias/Iran proxies,UAV strikes,Iraq/regional,multiple US bases,unknown,16 operations claimed,,,region,,,,Pro-Iranian militias claimed 16 operations with dozens of UAVs on Feb 28,Pro-Iranian militias claimed 16 operations with dozens of UAVs on Feb 28,True
ALMA-025,alma_sheet,Alma Multi-Front Offensive Feb28-Mar1,2026-03-01,,unknown,True,,Iran/IRGC,missile/UAV strike,UAE,,strike,strike on residential building,,,region,,,,Residential building in Dubai attacked Mar 1,Residential building in Dubai attacked Mar 1,True
ALMA-026,alma_sheet,Alma Multi-Front Offensive Feb28-Mar1; POSSIBLE_DUPLICATE,2026-03-01,,unknown,True,,Iran/IRGC,missile/UAV strike,UAE,,strike,strike on mall,,,region,3,58,,Mall in Sharjah attacked; 3 killed and 58 mildly injured,Mall in Sharjah attacked; 3 killed and 58 mildly injured,True
ALMA-027,alma_sheet,Alma Multi-Front Offensive Feb28-Mar1,2026-03-01,,unknown,True,,Iran/IRGC,missile/UAV strike,UAE,,strike,strike on industrial area,,,region,,,,Industrial area attacked alongside other targets,Industrial area attacked alongside other targets,True
ALMA-028,alma_sheet,Alma Daily 1Mar 1900 / Multi-Front; POSSIBLE_DUPLICATE,2026-03-01,,unknown,True,,Iran/IRGC,UAV strike,Oman,Duqm Port,strike,UAV strike; 1 injured,,,region,0,1,,2 UAVs struck Duqm Port,2 UAVs struck Duqm Port,True
ALMA-029,alma_sheet,Alma Daily 1Mar 1900 / Multi-Front; POSSIBLE_DUPLICATE,2026-03-01,,unknown,True,,Iran/IRGC,missile strike,Oman,oil tanker Skylight,unknown,tanker attacked; crew evacuated,,,region,0,4,,Palau-flagged tanker attacked 5nm off Oman coast; 4 of 20 crew injured,Palau-flagged tanker attacked 5nm off Oman coast; 4 of 20 crew injured,True
ALMA-030,alma_sheet,Alma Daily 1Mar 1900 - 62 waves in past 24hrs; 89 total since start,2026-03-01,,unknown,True,,Iran/IRGC,missile/UAV strikes,Israel,multiple,strike,62 waves in 24hrs,,,region,9+,dozens+,,Day 2 was most intense: 62 attack waves. Direct hit Beit Shemesh killed 9. POSSIBLE_DUPLICATE,Day 2 was most intense: 62 attack waves. Direct hit Beit Shemesh killed 9. POSSIBLE_DUPLICATE,True
ALMA-031,alma_sheet,Alma Daily 1Mar 1900; POSSIBLE_DUPLICATE,2026-03-01,,unknown,True,,Iran/IRGC,ballistic missile strike,Israel,,strike,direct hit on building,,,region,9,dozens,,9 Israeli civilians killed; dozens injured; 11 missing,9 Israeli civilians killed; dozens injured; 11 missing,True
ALMA-032,alma_sheet,Alma Daily 1Mar 1900,2026-03-01,,unknown,True,,Iran/IRGC,missile/UAV strike,Israel,,unknown,damage to residential building,,,region,,,,Damage to residential building in Gush Dan area documented by fire services,Damage to residential building in Gush Dan area documented by fire services,True
ALMA-033,alma_sheet,Alma Daily 1Mar 1900; POSSIBLE_DUPLICATE,2026-03-01,,unknown,True,,Iran/IRGC,combined attack,multiple regional,6+ US bases,unknown,3 US soldiers killed; 5 seriously wounded,,,region,3,5,,US military statement: 3 killed and 5 seriously wounded,US military statement: 3 killed and 5 seriously wounded,True
ALMA-034,alma_sheet,Alma Daily 2Mar 1900,2026-03-02,,unknown,True,,Iran/IRGC,UAV strike,Cyprus,Akrotiri RAF Base,unknown,property damage; no casualties,,,region,0,0,,First attack on Cyprus - EU member state. UAV caused property damage only,First attack on Cyprus - EU member state. UAV caused property damage only,True
ALMA-035,alma_sheet,Alma Daily 2Mar 1900,2026-03-02,,unknown,True,,Iran/IRGC,missile/UAV strike,Saudi Arabia,Aramco oil infrastructure,strike,strike on oil infrastructure,,,region,,,,Aramco facility in Ras Tanura targeted,Aramco facility in Ras Tanura targeted,True
ALMA-036,alma_sheet,Alma Daily 2Mar 1900; POSSIBLE_DUPLICATE,2026-03-02,,unknown,True,,Iran/IRGC,missile/UAV strike,Qatar,Al Udeid Air Base,strike,repeated strike on base,,,region,,,,Al Udeid attacked again,Al Udeid attacked again,True
ALMA-037,alma_sheet,Alma Daily 2Mar 1900,2026-03-02,,unknown,True,,Iran/IRGC,missile/UAV strikes,Jordan,,unknown,strikes on military bases,,,region,,,,Military bases in Jordan targeted,Military bases in Jordan targeted,True
ALMA-038,alma_sheet,Alma Daily 2Mar 1900,2026-03-02,,unknown,True,,Iran/IRGC,missile/UAV strikes,Iraq,,unknown,strikes on military bases,,,region,,,,Military bases in Iraq targeted,Military bases in Iraq targeted,True
ALMA-039,alma_sheet,Alma Daily 2Mar 1900; POSSIBLE_DUPLICATE,2026-03-02,,unknown,True,,Iran/IRGC,missile/UAV strikes,UAE,residential; shopping centers; industrial,unknown,3 killed; dozens injured,,,region,3,dozens,,Civilian targets in UAE attacked including residential and commercial,Civilian targets in UAE attacked including residential and commercial,True
ALMA-040,alma_sheet,Alma Daily 2Mar 1900,2026-03-02,,unknown,True,,Iran/IRGC,missile/UAV strikes,Bahrain,residential; shopping centers; industrial,unknown,casualties reported,,,region,,,,Civilian targets in Bahrain attacked,Civilian targets in Bahrain attacked,True
ALMA-041,alma_sheet,Alma Daily 2Mar 1900; POSSIBLE_DUPLICATE,2026-03-02,2026-03-02T21:00:00Z,estimated,True,local_descriptor_night;default_tz_UTC+2,Iran/IRGC,ballistic missile strike,Israel,,strike,missile impact; 7 injured,,,region,0,7,,1 moderate and 6 mild injuries from missile impact in Jerusalem,1 moderate and 6 mild injuries from missile impact in Jerusalem,True
ALMA-042,alma_sheet,Alma Daily 2Mar 1900; POSSIBLE_DUPLICATE,2026-03-02,2026-03-02T13:00:00Z,estimated,True,local_descriptor_afternoon;default_tz_UTC+2,Iran/IRGC,ballistic missile strike,Israel,,strike,missile impact; 15 injured,,,region,0,15,,1 moderately and 14 mildly injured in Be'er Sheva,1 moderately and 14 mildly injured in Be'er Sheva,True
ALMA-046,alma_sheet,Alma Daily 3Mar 1900 / Day 4 Update; POSSIBLE_DUPLICATE,2026-03-03,,unknown,True,,Iran/IRGC,UAV strike,Iraq,Al-Harir Base,unknown,UAV attack,,,region,,,,Harir base near Erbil attacked again by UAV,Harir base near Erbil attacked again by UAV,True
ALMA-047,alma_sheet,Alma Daily 3Mar 1900 / Day 4 Update,2026-03-03,,unknown,True,,Iran/IRGC,missile/UAV strike,Iraq,Al-Bakr military airfield,unknown,targeted by missiles/UAVs,,,region,,,,Al-Bakr airfield where American presence known,Al-Bakr airfield where American presence known,True
ALMA-048,alma_sheet,Alma Daily 3Mar 1900 / Day 4 Update,2026-03-03,,unknown,True,,Iran/IRGC,missile/UAV strike,Iraq,American targets in Erbil,unknown,missile and UAV fire,,,region,,,,Additional missile/UAV fire toward American targets in Erbil,Additional missile/UAV fire toward American targets in Erbil,True
ALMA-049,alma_sheet,Alma Daily 3Mar 1900 / Day 4 Update,2026-03-03,,unknown,True,,Iran/IRGC,UAV strike,Saudi Arabia,US Embassy Riyadh,unknown,UAV attack on embassy,,,region,,,,Second US embassy attacked by Iran (first was Kuwait),Second US embassy attacked by Iran (first was Kuwait),True
ALMA-050,alma_sheet,Alma Daily 3Mar 1900 / Day 4 Update,2026-03-03,,unknown,True,,Iran/IRGC,UAV strike,Oman,Duqm Port fuel tanks,strike,fuel tanks struck,,,region,,,,UAV struck fuel tanks at Duqm commercial port,UAV struck fuel tanks at Duqm commercial port,True
ALMA-051,alma_sheet,Alma Daily 3Mar 1900 / Day 4 Update,2026-03-03,,unknown,True,,Iran/IRGC,UAV strike,Oman,,unknown,UAV attacks reported,,,region,,,,First reported attacks on Salalah,First reported attacks on Salalah,True
ALMA-052,alma_sheet,Alma Daily 3Mar 1900 / Day 4 Update,2026-03-03,,unknown,True,,Iran/IRGC,missile/UAV strike,UAE,,unknown,strikes reported,,,region,,,,Ras al-Khaimah targeted for first time,Ras al-Khaimah targeted for first time,True
ALMA-053,alma_sheet,Alma Daily 3Mar 1900 / Day 4 Update,2026-03-03,,unknown,True,,Iran/IRGC,UAV strike,UAE,Minhad Air Base (Australian AF),unknown,UAV attack on Australian base,,,region,,,,Australian Air Force base near Dubai attacked,Australian Air Force base near Dubai attacked,True
ALMA-054,alma_sheet,Alma Daily 3Mar 1900 / Day 4 Update,2026-03-03,,unknown,True,,Iran/IRGC,missile/UAV strike,UAE,oil storage tanks at Fujairah port,unknown,damage to oil tanks,,,region,,,,Oil storage tanks at Fujairah port damaged,Oil storage tanks at Fujairah port damaged,True
ALMA-055,alma_sheet,Alma Daily 3Mar 1900 / Day 4 Update; POSSIBLE_DUPLICATE,2026-03-03,,unknown,True,,Iran/IRGC,missile/UAV strike,Qatar,Al Udeid Air Base,unknown,attacked again,,,region,,,,Al Udeid attacked yet again,Al Udeid attacked yet again,True
ALMA-056,alma_sheet,Alma Daily 3Mar 1900 / Day 4 Update,2026-03-03,,unknown,True,,Iran/IRGC,missile/UAV strike,Qatar,Hamad International Airport,unknown,attempted strike,,,region,,,,Attempt to strike Hamad International Airport,Attempt to strike Hamad International Airport,True
ALMA-059,alma_sheet,Alma Daily 3Mar 1900,2026-03-03,2026-03-03T07:00:00Z,estimated,True,local_descriptor_morning;default_tz_UTC+2,Hezbollah,rocket strike,Israel,HaGoshrim; Ma'ayan Baruch; Ghajar; Kfar Yuval,strike,rocket fire; direct hit on home in Kfar Yuval,,,region,,,,Direct hit on residential home in Kfar Yuval documented,Direct hit on residential home in Kfar Yuval documented,True
ALMA-067,alma_sheet,Alma Daily 1Mar 1900 - most intense day,2026-03-01,2026-03-01T15:00:00Z,estimated,True,by_time_upper_bound;default_tz_UTC+2,Iran/IRGC,aggregate wave count,Israel,,unknown,62 waves in 24hrs; 89 cumulative,,,region,11 killed,hundreds injured,,Day 2 was peak intensity per Alma tracking. 11 killed total by this point,Day 2 was peak intensity per Alma tracking. 11 killed total by this point,True
ALMA-068,alma_sheet,Alma Daily 2Mar 1900 - Day 3 summary,2026-03-02,2026-03-02T17:00:00Z,estimated,True,by_time_upper_bound;default_tz_UTC+2,Iran/IRGC,aggregate wave count,Israel,,unknown,24 waves; 112 cumulative,,,region,11 killed,700+ injured,,Alma cumulative: 112 waves; 11 killed; 700+ injured,Alma cumulative: 112 waves; 11 killed; 700+ injured,True
ALMA-069,alma_sheet,Alma Daily 3Mar 1900 - Day 4 summary,2026-03-03,2026-03-03T14:00:00Z,estimated,True,by_time_upper_bound;default_tz_UTC+2,Iran/IRGC,aggregate wave count,Israel,,unknown,7 waves; 119 cumulative,,,region,12 killed,1000+ injured,,Alma cumulative: 119 waves from Iran; 12 killed; 1000+ injured. Plus Hezbollah 24 incidents separately,Alma cumulative: 119 waves from Iran; 12 killed; 1000+ injured. Plus Hezbollah 24 incidents separately,True
